time,v1
0.0,0.0049
0.000000001,0.0051
0.000000002,0.0051
