time,sig_a,sig_b
0.0,0.1,1.2
0.000000001,0.1,1.3
0.000000002,0.2,1.3
